{
  "free" : 1005,
  "pP1001" : {
    "details" : {
      "name" : "Non-Medical"
    },
    "mainly" : {
      "free" : 105,
      "pP1001101" : {
        "details" : {
          "name" : "JEE Mains"
        },
        "subjects" : {
          "pP100110111" : {
            "details" : {
              "name" : "Mathematics"
            },
            "teachers" : {
              "20100001" : {
                "pP1001101111001" : {
                  "questions" : {
                    "10001" : 201000011710001,
                    "10002" : 201000011710002,
                    "10003" : 201000011710003
                  }
                },
                "pP1001101111002" : {
                  "questions" : {
                    "10001" : 201000011710004,
                    "10002" : 201000011710005,
                    "10003" : 201000011710006
                  }
                },
                "pP1001101111003" : {
                  "questions" : {
                    "10001" : 201000011710007,
                    "10002" : 201000011710008,
                    "10003" : 201000011710009
                  }
                }
              },
              "20100002" : {
                "pP1001101111001" : {
                  "questions" : {
                    "10001" : 201000021710001,
                    "10002" : 201000021710002,
                    "10003" : 201000021710003
                  }
                },
                "pP1001101111002" : {
                  "questions" : {
                    "10001" : 201000021710004,
                    "10002" : 201000021710005,
                    "10003" : 201000011710006
                  }
                },
                "pP1001101111003" : {
                  "questions" : {
                    "10001" : 201000021710007,
                    "10002" : 201000021710008,
                    "10003" : 201000021710009
                  }
                }
              }
            },
            "topics" : {
              "pP1001101111001" : {
                "details" : {
                  "name" : "Relations"
                }
              },
              "pP1001101111002" : {
                "details" : {
                  "name" : "Functions"
                }
              },
              "pP1001101111003" : {
                "details" : {
                  "name" : "Matrices"
                }
              }
            }
          },
          "pP100110112" : {
            "details" : {
              "name" : "Physics"
            },
            "teachers" : {
              "20100003" : {
                "pP1001101121001" : {
                  "questions" : {
                    "10001" : 201000031710001,
                    "10002" : 201000031710002,
                    "10003" : 201000031710003
                  }
                },
                "pP1001101121002" : {
                  "questions" : {
                    "10001" : 201000031710004,
                    "10002" : 201000031710005,
                    "10003" : 201000031710006
                  }
                },
                "pP1001101121003" : {
                  "questions" : {
                    "10001" : 201000031710007,
                    "10002" : 201000031710008,
                    "10003" : 201000031710009
                  }
                }
              },
              "20100004" : {
                "pP1001101121001" : {
                  "questions" : {
                    "10001" : 201000041710001,
                    "10002" : 201000041710002,
                    "10003" : 201000041710003
                  }
                },
                "pP1001101121002" : {
                  "questions" : {
                    "10001" : 201000041710004,
                    "10002" : 201000041710005,
                    "10003" : 201000031710006
                  }
                },
                "pP1001101121003" : {
                  "questions" : {
                    "10001" : 201000041710007,
                    "10002" : 201000041710008,
                    "10003" : 201000041710009
                  }
                }
              }
            },
            "topics" : {
              "pP1001101121001" : {
                "details" : {
                  "name" : "Friction"
                }
              },
              "pP1001101121002" : {
                "details" : {
                  "name" : "Thermo Dynamics"
                }
              },
              "pP1001101121003" : {
                "details" : {
                  "name" : "Nuclear Physics"
                }
              }
            }
          },
          "pP100110113" : {
            "details" : {
              "name" : "Chemistry"
            },
            "teachers" : {
              "20100005" : {
                "pP1001101131001" : {
                  "questions" : {
                    "10001" : 201000051710001,
                    "10002" : 201000051710002,
                    "10003" : 201000051710003
                  }
                },
                "pP1001101131002" : {
                  "questions" : {
                    "10001" : 201000051710004,
                    "10002" : 201000051710005,
                    "10003" : 201000051710006
                  }
                },
                "pP1001101131003" : {
                  "questions" : {
                    "10001" : 201000051710007,
                    "10002" : 201000051710008,
                    "10003" : 201000051710009
                  }
                }
              },
              "20100006" : {
                "pP1001101131001" : {
                  "questions" : {
                    "10001" : 201000061710001,
                    "10002" : 201000061710002,
                    "10003" : 201000061710003
                  }
                },
                "pP1001101131002" : {
                  "questions" : {
                    "10001" : 201000061710004,
                    "10002" : 201000061710005,
                    "10003" : 201000061710006
                  }
                },
                "pP1001101131003" : {
                  "questions" : {
                    "10001" : 201000061710007,
                    "10002" : 201000061710008,
                    "10003" : 201000061710009
                  }
                }
              }
            },
            "topics" : {
              "pP1001101131001" : {
                "details" : {
                  "name" : "Mole"
                }
              },
              "pP1001101131002" : {
                "details" : {
                  "name" : "Temperature"
                }
              },
              "pP1001101131003" : {
                "details" : {
                  "name" : "Environmental"
                }
              }
            }
          }
        }
      },
      "pP1001102" : {
        "details" : {
          "name" : "JEE Mains + Advance"
        },
        "subjects" : {
          "pP100110211" : {
            "details" : {
              "name" : "Mathematics"
            },
            "teachers" : {
              "20100001" : {
                "pP1001102111001" : {
                  "questions" : {
                    "10001" : 201000011710001,
                    "10002" : 201000011710002,
                    "10003" : 201000011710003
                  }
                },
                "pP1001102111002" : {
                  "questions" : {
                    "10001" : 201000011710004,
                    "10002" : 201000011710005,
                    "10003" : 201000011710006
                  }
                },
                "pP1001102111003" : {
                  "questions" : {
                    "10001" : 201000011710007,
                    "10002" : 201000011710008,
                    "10003" : 201000011710009
                  }
                }
              },
              "20100002" : {
                "pP1001102111001" : {
                  "questions" : {
                    "10001" : 201000021710001,
                    "10002" : 201000021710002,
                    "10003" : 201000021710003
                  }
                },
                "pP1001102111002" : {
                  "questions" : {
                    "10001" : 201000021710004,
                    "10002" : 201000021710005,
                    "10003" : 201000011710006
                  }
                },
                "pP1001102111003" : {
                  "questions" : {
                    "10001" : 201000021710007,
                    "10002" : 201000021710008,
                    "10003" : 201000021710009
                  }
                }
              }
            },
            "topics" : {
              "pP1001102111001" : {
                "details" : {
                  "name" : "Relations"
                }
              },
              "pP1001102111002" : {
                "details" : {
                  "name" : "Functions"
                }
              },
              "pP1001102111003" : {
                "details" : {
                  "name" : "Matrices"
                }
              }
            }
          },
          "pP100110212" : {
            "details" : {
              "name" : "Physics"
            },
            "teachers" : {
              "20100003" : {
                "pP1001102121001" : {
                  "questions" : {
                    "10001" : 201000031710001,
                    "10002" : 201000031710002,
                    "10003" : 201000031710003
                  }
                },
                "pP1001102121002" : {
                  "questions" : {
                    "10001" : 201000031710004,
                    "10002" : 201000031710005,
                    "10003" : 201000031710006
                  }
                },
                "pP1001102121003" : {
                  "questions" : {
                    "10001" : 201000031710007,
                    "10002" : 201000031710008,
                    "10003" : 201000031710009
                  }
                }
              },
              "20100004" : {
                "pP1001102121001" : {
                  "questions" : {
                    "10001" : 201000041710001,
                    "10002" : 201000041710002,
                    "10003" : 201000041710003
                  }
                },
                "pP1001102121002" : {
                  "questions" : {
                    "10001" : 201000041710004,
                    "10002" : 201000041710005,
                    "10003" : 201000031710006
                  }
                },
                "pP1001102121003" : {
                  "questions" : {
                    "10001" : 201000041710007,
                    "10002" : 201000041710008,
                    "10003" : 201000041710009
                  }
                }
              }
            },
            "topics" : {
              "pP1001102121001" : {
                "details" : {
                  "name" : "Friction"
                }
              },
              "pP1001102121002" : {
                "details" : {
                  "name" : "Thermo Dynamics"
                }
              },
              "pP1001102121003" : {
                "details" : {
                  "name" : "Nuclear Physics"
                }
              }
            }
          },
          "pP100110213" : {
            "details" : {
              "name" : "Chemistry"
            },
            "teachers" : {
              "20100005" : {
                "pP1001102131001" : {
                  "questions" : {
                    "10001" : 201000051710001,
                    "10002" : 201000051710002,
                    "10003" : 201000051710003
                  }
                },
                "pP1001102131002" : {
                  "questions" : {
                    "10001" : 201000051710004,
                    "10002" : 201000051710005,
                    "10003" : 201000051710006
                  }
                },
                "pP1001102131003" : {
                  "questions" : {
                    "10001" : 201000051710007,
                    "10002" : 201000051710008,
                    "10003" : 201000051710009
                  }
                }
              },
              "20100006" : {
                "pP1001102131001" : {
                  "questions" : {
                    "10001" : 201000061710001,
                    "10002" : 201000061710002,
                    "10003" : 201000061710003
                  }
                },
                "pP1001102131002" : {
                  "questions" : {
                    "10001" : 201000061710004,
                    "10002" : 201000061710005,
                    "10003" : 201000061710006
                  }
                },
                "pP1001102131003" : {
                  "questions" : {
                    "10001" : 201000061710007,
                    "10002" : 201000061710008,
                    "10003" : 201000061710009
                  }
                }
              }
            },
            "topics" : {
              "pP1001102131001" : {
                "details" : {
                  "name" : "Mole"
                }
              },
              "pP1001102131002" : {
                "details" : {
                  "name" : "Temperature"
                }
              },
              "pP1001102131003" : {
                "details" : {
                  "name" : "Environmental"
                }
              }
            }
          }
        }
      },
      "pP1001103" : {
        "details" : {
          "name" : "JEE Advance"
        },
        "subjects" : {
          "pP100110311" : {
            "details" : {
              "name" : "Mathematics"
            },
            "teachers" : {
              "20100001" : {
                "pP1001103111001" : {
                  "questions" : {
                    "10001" : 201000011710001,
                    "10002" : 201000011710002,
                    "10003" : 201000011710003
                  }
                },
                "pP1001103111002" : {
                  "questions" : {
                    "10001" : 201000011710004,
                    "10002" : 201000011710005,
                    "10003" : 201000011710006
                  }
                },
                "pP1001103111003" : {
                  "questions" : {
                    "10001" : 201000011710007,
                    "10002" : 201000011710008,
                    "10003" : 201000011710009
                  }
                }
              },
              "20100002" : {
                "pP1001103111001" : {
                  "questions" : {
                    "10001" : 201000021710001,
                    "10002" : 201000021710002,
                    "10003" : 201000021710003
                  }
                },
                "pP1001103111002" : {
                  "questions" : {
                    "10001" : 201000021710004,
                    "10002" : 201000021710005,
                    "10003" : 201000011710006
                  }
                },
                "pP1001103111003" : {
                  "questions" : {
                    "10001" : 201000021710007,
                    "10002" : 201000021710008,
                    "10003" : 201000021710009
                  }
                }
              }
            },
            "topics" : {
              "pP1001103111001" : {
                "details" : {
                  "name" : "Relations"
                }
              },
              "pP1001103111002" : {
                "details" : {
                  "name" : "Functions"
                }
              },
              "pP1001103111003" : {
                "details" : {
                  "name" : "Matrices"
                }
              }
            }
          },
          "pP100110312" : {
            "details" : {
              "name" : "Physics"
            },
            "teachers" : {
              "20100003" : {
                "pP1001103121001" : {
                  "questions" : {
                    "10001" : 201000031710001,
                    "10002" : 201000031710002,
                    "10003" : 201000031710003
                  }
                },
                "pP1001103121002" : {
                  "questions" : {
                    "10001" : 201000031710004,
                    "10002" : 201000031710005,
                    "10003" : 201000031710006
                  }
                },
                "pP1001103121003" : {
                  "questions" : {
                    "10001" : 201000031710007,
                    "10002" : 201000031710008,
                    "10003" : 201000031710009
                  }
                }
              },
              "20100004" : {
                "pP1001103121001" : {
                  "questions" : {
                    "10001" : 201000041710001,
                    "10002" : 201000041710002,
                    "10003" : 201000041710003
                  }
                },
                "pP1001103121002" : {
                  "questions" : {
                    "10001" : 201000041710004,
                    "10002" : 201000041710005,
                    "10003" : 201000031710006
                  }
                },
                "pP1001103121003" : {
                  "questions" : {
                    "10001" : 201000041710007,
                    "10002" : 201000041710008,
                    "10003" : 201000041710009
                  }
                }
              }
            },
            "topics" : {
              "pP1001103121001" : {
                "details" : {
                  "name" : "Friction"
                }
              },
              "pP1001103121002" : {
                "details" : {
                  "name" : "Thermo Dynamics"
                }
              },
              "pP1001103121003" : {
                "details" : {
                  "name" : "Nuclear Physics"
                }
              }
            }
          },
          "pP100110313" : {
            "details" : {
              "name" : "Chemistry"
            },
            "teachers" : {
              "20100005" : {
                "pP1001103131001" : {
                  "questions" : {
                    "10001" : 201000051710001,
                    "10002" : 201000051710002,
                    "10003" : 201000051710003
                  }
                },
                "pP1001103131002" : {
                  "questions" : {
                    "10001" : 201000051710004,
                    "10002" : 201000051710005,
                    "10003" : 201000051710006
                  }
                },
                "pP1001103131003" : {
                  "questions" : {
                    "10001" : 201000051710007,
                    "10002" : 201000051710008,
                    "10003" : 201000051710009
                  }
                }
              },
              "20100006" : {
                "pP1001103131001" : {
                  "questions" : {
                    "10001" : 201000061710001,
                    "10002" : 201000061710002,
                    "10003" : 201000061710003
                  }
                },
                "pP1001103131002" : {
                  "questions" : {
                    "10001" : 201000061710004,
                    "10002" : 201000061710005,
                    "10003" : 201000061710006
                  }
                },
                "pP1001103131003" : {
                  "questions" : {
                    "10001" : 201000061710007,
                    "10002" : 201000061710008,
                    "10003" : 201000061710009
                  }
                }
              }
            },
            "topics" : {
              "pP1001103131001" : {
                "details" : {
                  "name" : "Mole"
                }
              },
              "pP1001103131002" : {
                "details" : {
                  "name" : "Temperature"
                }
              },
              "pP1001103131003" : {
                "details" : {
                  "name" : "Environmental"
                }
              }
            }
          }
        }
      },
      "pP1001104" : {
        "details" : {
          "name" : "Board"
        },
        "subjects" : {
          "pP100110411" : {
            "details" : {
              "name" : "Mathematics"
            },
            "teachers" : {
              "20100001" : {
                "pP1001104111001" : {
                  "questions" : {
                    "10001" : 201000011710001,
                    "10002" : 201000011710002,
                    "10003" : 201000011710003
                  }
                },
                "pP1001104111002" : {
                  "questions" : {
                    "10001" : 201000011710004,
                    "10002" : 201000011710005,
                    "10003" : 201000011710006
                  }
                },
                "pP1001104111003" : {
                  "questions" : {
                    "10001" : 201000011710007,
                    "10002" : 201000011710008,
                    "10003" : 201000011710009
                  }
                }
              },
              "20100002" : {
                "pP1001104111001" : {
                  "questions" : {
                    "10001" : 201000021710001,
                    "10002" : 201000021710002,
                    "10003" : 201000021710003
                  }
                },
                "pP1001104111002" : {
                  "questions" : {
                    "10001" : 201000021710004,
                    "10002" : 201000021710005,
                    "10003" : 201000011710006
                  }
                },
                "pP1001104111003" : {
                  "questions" : {
                    "10001" : 201000021710007,
                    "10002" : 201000021710008,
                    "10003" : 201000021710009
                  }
                }
              }
            },
            "topics" : {
              "pP1001104111001" : {
                "details" : {
                  "name" : "Relations"
                }
              },
              "pP1001104111002" : {
                "details" : {
                  "name" : "Functions"
                }
              },
              "pP1001104111003" : {
                "details" : {
                  "name" : "Matrices"
                }
              }
            }
          },
          "pP100110412" : {
            "details" : {
              "name" : "Physics"
            },
            "teachers" : {
              "20100003" : {
                "pP1001104121001" : {
                  "questions" : {
                    "10001" : 201000031710001,
                    "10002" : 201000031710002,
                    "10003" : 201000031710003
                  }
                },
                "pP1001104121002" : {
                  "questions" : {
                    "10001" : 201000031710004,
                    "10002" : 201000031710005,
                    "10003" : 201000031710006
                  }
                },
                "pP1001104121003" : {
                  "questions" : {
                    "10001" : 201000031710007,
                    "10002" : 201000031710008,
                    "10003" : 201000031710009
                  }
                }
              },
              "20100004" : {
                "pP1001104121001" : {
                  "questions" : {
                    "10001" : 201000041710001,
                    "10002" : 201000041710002,
                    "10003" : 201000041710003
                  }
                },
                "pP1001104121002" : {
                  "questions" : {
                    "10001" : 201000041710004,
                    "10002" : 201000041710005,
                    "10003" : 201000031710006
                  }
                },
                "pP1001104121003" : {
                  "questions" : {
                    "10001" : 201000041710007,
                    "10002" : 201000041710008,
                    "10003" : 201000041710009
                  }
                }
              }
            },
            "topics" : {
              "pP1001104121001" : {
                "details" : {
                  "name" : "Friction"
                }
              },
              "pP1001104121002" : {
                "details" : {
                  "name" : "Thermo Dynamics"
                }
              },
              "pP1001104121003" : {
                "details" : {
                  "name" : "Nuclear Physics"
                }
              }
            }
          },
          "pP100110413" : {
            "details" : {
              "name" : "Chemistry"
            },
            "teachers" : {
              "20100005" : {
                "pP1001104131001" : {
                  "questions" : {
                    "10001" : 201000051710001,
                    "10002" : 201000051710002,
                    "10003" : 201000051710003
                  }
                },
                "pP1001104131002" : {
                  "questions" : {
                    "10001" : 201000051710004,
                    "10002" : 201000051710005,
                    "10003" : 201000051710006
                  }
                },
                "pP1001104131003" : {
                  "questions" : {
                    "10001" : 201000051710007,
                    "10002" : 201000051710008,
                    "10003" : 201000051710009
                  }
                }
              },
              "20100006" : {
                "pP1001104131001" : {
                  "questions" : {
                    "10001" : 201000061710001,
                    "10002" : 201000061710002,
                    "10003" : 201000061710003
                  }
                },
                "pP1001104131002" : {
                  "questions" : {
                    "10001" : 201000061710004,
                    "10002" : 201000061710005,
                    "10003" : 201000061710006
                  }
                },
                "pP1001104131003" : {
                  "questions" : {
                    "10001" : 201000061710007,
                    "10002" : 201000061710008,
                    "10003" : 201000061710009
                  }
                }
              }
            },
            "topics" : {
              "pP1001104131001" : {
                "details" : {
                  "name" : "Mole"
                }
              },
              "pP1001104131002" : {
                "details" : {
                  "name" : "Temperature"
                }
              },
              "pP1001104131003" : {
                "details" : {
                  "name" : "Environmental"
                }
              }
            }
          }
        }
      }
    }
  },
  "pP1002" : {
    "details" : {
      "name" : "Medical"
    },
    "mainly" : {
      "pP1002101" : {
        "details" : {
          "name" : "NEET"
        }
      },
      "pP1002102" : {
        "details" : {
          "name" : "AIIMS"
        }
      },
      "pP1002103" : {
        "details" : {
          "name" : "JIPMER"
        }
      },
      "pP1002104" : {
        "details" : {
          "name" : "Board"
        }
      }
    }
  },
  "pP1003" : {
    "details" : {
      "name" : "U.P.S.C."
    },
    "mainly" : {
      "pP1003101" : {
        "details" : {
          "name" : "Civil Services Examination"
        }
      },
      "pP1003102" : {
        "details" : {
          "name" : "Engineering Services Examination(IES)"
        }
      },
      "pP1003103" : {
        "details" : {
          "name" : "Combined Defence Services Examination(CDSE)"
        }
      },
      "pP1003104" : {
        "details" : {
          "name" : "National Defence Academy Examination(NDA)"
        }
      }
    }
  },
  "pP1004" : {
    "details" : {
      "name" : "H.S.S.C."
    },
    "mainly" : {
      "pP1004101" : {
        "details" : {
          "name" : "Group-D"
        }
      },
      "pP1004102" : {
        "details" : {
          "name" : "Clerk"
        }
      },
      "pP1004103" : {
        "details" : {
          "name" : "Gram Sachiv"
        }
      },
      "pP1004104" : {
        "details" : {
          "name" : "Canal Patwari"
        }
      }
    }
  }
}
